{
    "action": {
        "min": [
            -4.180055618286133,
            -2.243351697921753,
            0.5482200384140015,
            -1.376802921295166,
            -1.5986417531967163,
            -3.5718061923980713,
            0.0
        ],
        "max": [
            -2.6907379627227783,
            -1.179487705230713,
            1.7513638734817505,
            -0.8180823922157288,
            -1.5420550107955933,
            6.063628196716309,
            1.0
        ],
        "mean": [
            -3.529314055804556,
            -1.7397335731626091,
            1.2600271021691802,
            -1.0826770447841891,
            -1.5642339834372838,
            -0.2755573288873513,
            0.38649144792486984
        ],
        "std": [
            0.3170648005411842,
            0.2002969582592796,
            0.1893055072381978,
            0.09454138272489802,
            0.015789602662910792,
            1.6906182642465797,
            0.48694538321709346
        ],
        "count": [
            17426
        ],
        "q01": [
            -4.034077386165005,
            -2.0959969308712108,
            0.961010838670587,
            -1.2855369569795525,
            -1.5791515777931415,
            -1.1387364360999788,
            -9.972454975347997e-11
        ],
        "q10": [
            -3.9270888208941117,
            -1.993758356011613,
            1.0481869451400394,
            -1.205780707093793,
            -1.575763916644251,
            -0.9819986738472177,
            -9.972453983830787e-11
        ],
        "q50": [
            -3.549410398583256,
            -1.71132220920356,
            1.2476399456053668,
            -1.077114886509172,
            -1.5633904453972107,
            -0.296866905833599,
            -9.972449577087635e-11
        ],
        "q90": [
            -3.0729295932481997,
            -1.5266189742342011,
            1.4900770571892157,
            -0.9763316650077596,
            -1.5541766793506617,
            0.47951104178629345,
            0.997193446956084
        ],
        "q99": [
            -2.8883291692313415,
            -1.4680172096264168,
            1.6095927545928732,
            -0.9167801092867334,
            -1.5510647161517064,
            0.681620604974964,
            0.9972402904089103
        ]
    },
    "frame_index": {
        "min": [
            0
        ],
        "max": [
            726
        ],
        "mean": [
            293.3823023068978
        ],
        "std": [
            176.29897551453803
        ],
        "count": [
            17426
        ],
        "q01": [
            5.41769291347925
        ],
        "q10": [
            58.295283810318125
        ],
        "q50": [
            293.17370219212677
        ],
        "q90": [
            528.4693208034771
        ],
        "q99": [
            581.3468992719909
        ]
    },
    "observation.state": {
        "min": [
            -4.152721405029297,
            -2.2483997344970703,
            0.5631152987480164,
            -1.367849349975586,
            -1.5981745719909668,
            -3.5631895065307617,
            0.0
        ],
        "max": [
            -2.72310209274292,
            -1.1659092903137207,
            1.7460047006607056,
            -0.8186633586883545,
            -1.5430912971496582,
            6.0000996589660645,
            0.9952837228775024
        ],
        "mean": [
            -3.52914691970144,
            -1.73380480276571,
            1.2692218425831294,
            -1.0780258578218713,
            -1.5642611906625066,
            -0.2782289418648952,
            0.2336786589885068
        ],
        "std": [
            0.31366891046776785,
            0.2019108756368823,
            0.18462517047866572,
            0.09173951009699302,
            0.015741452375708766,
            1.6856730831914213,
            0.28690851144567964
        ],
        "count": [
            17426
        ],
        "q01": [
            -4.024638095511082,
            -2.093166047600002,
            0.9834496314301839,
            -1.2739237186497039,
            -1.5790284604576388,
            -1.1198299590864833,
            0.00335228368267134
        ],
        "q10": [
            -3.9204567972651176,
            -1.9902520980344331,
            1.0626074238156233,
            -1.195208989464633,
            -1.5756889864846497,
            -0.9815405508438652,
            0.003638049392486808
        ],
        "q50": [
            -3.5509058120660426,
            -1.7042608623789404,
            1.256758546833442,
            -1.0730029379460917,
            -1.5633456542672863,
            -0.30113621113650757,
            0.014137972551434518
        ],
        "q90": [
            -3.0775994208099418,
            -1.521094257380006,
            1.4925934080172025,
            -0.9743136212729147,
            -1.5542527537898654,
            0.47304169628274656,
            0.6185478108729697
        ],
        "q99": [
            -2.8953375777986996,
            -1.468044869140548,
            1.6104264995294082,
            -0.9153557889201654,
            -1.5514460880518446,
            0.667132369125813,
            0.6673555547043303
        ]
    },
    "index": {
        "min": [
            0
        ],
        "max": [
            17425
        ],
        "mean": [
            8712.5
        ],
        "std": [
            5030.452887166323
        ],
        "count": [
            17426
        ],
        "q01": [
            8424.535390606583
        ],
        "q10": [
            8477.412981503421
        ],
        "q50": [
            8712.34876093194
        ],
        "q90": [
            8947.587018496579
        ],
        "q99": [
            9000.464596965096
        ]
    },
    "episode_index": {
        "min": [
            0
        ],
        "max": [
            30
        ],
        "mean": [
            14.436302077355675
        ],
        "std": [
            9.23450120932258
        ],
        "count": [
            17426
        ],
        "q01": [
            14.436302077355675
        ],
        "q10": [
            14.436302077355677
        ],
        "q50": [
            14.436302077355693
        ],
        "q90": [
            14.43630207735571
        ],
        "q99": [
            14.436302077355718
        ]
    },
    "observation.images.top_cam": {
        "min": [
            [
                [
                    0.00784313725490196
                ]
            ],
            [
                [
                    0.00784313725490196
                ]
            ],
            [
                [
                    0.00784313725490196
                ]
            ]
        ],
        "max": [
            [
                [
                    1.0
                ]
            ],
            [
                [
                    1.0
                ]
            ],
            [
                [
                    1.0
                ]
            ]
        ],
        "mean": [
            [
                [
                    0.4156663394238974
                ]
            ],
            [
                [
                    0.4458255057159849
                ]
            ],
            [
                [
                    0.46842187177382366
                ]
            ]
        ],
        "std": [
            [
                [
                    0.004547975648215334
                ]
            ],
            [
                [
                    0.0025646687484733436
                ]
            ],
            [
                [
                    0.0006179574401568995
                ]
            ]
        ],
        "count": [
            3577
        ],